Open,High,Low,Close,Adj Close
2.4375,2.5,1.9270833730697632,1.9583333730697632,1.9583333730697632
1.96875,1.9791666269302368,1.7083333730697632,1.7291666269302368,1.7291666269302368
1.7604166269302368,1.7708333730697632,1.625,1.7083333730697632,1.7083333730697632
